"","id","id_seq","transicao","renda_depois","idade","genero","UF","escolaridade","raça","posicao_familiar","regiao"
"1","110014959_05_11_07_05_1998_Homem_1152013",716,"Migrou para o setor privado",1457.5,26,"Homem","Rondônia","Ensino médio completo","Não branco","Não responsável pelo domicílio","Norte"
"2","120001749_12_11_03_07_1995_Homem_1210010",806,"Migrou para TCP",1300,29,"Homem","Acre","Ensino médio incompleto","Não branco","Responsável pelo domicílio","Norte"
"3","120004173_13_11_24_05_1971_Homem_1210010",902,"Migrou para o setor privado",956,53,"Homem","Acre","Ensino médio incompleto","Não branco","Responsável pelo domicílio","Norte"
"4","120011926_12_11_21_09_1981_Mulher_1210010",1039,"Migrou para o setor privado",1412,42,"Mulher","Acre","Ensino médio completo","Não branco","Responsável pelo domicílio","Norte"
"5","120014960_05_11_18_05_1998_Homem_1210010",1175,"Migrou para o setor privado",1006,26,"Homem","Acre","Ensino médio completo","Não branco","Não responsável pelo domicílio","Norte"
"6","130039174_11_11_25_09_1989_Homem_1310113",2006,"Migrou para o setor privado",2000,34,"Homem","Amazonas","Ensino médio completo","Branco","Não responsável pelo domicílio","Norte"
"7","130022706_13_11_15_05_2003_Mulher_1310211",2087,"Migrou para o setor privado",1650,20,"Mulher","Amazonas","Ensino médio completo","Não branco","Não responsável pelo domicílio","Norte"
"8","130034554_02_11_26_11_1983_Mulher_1310211",2109,"Migrou para o setor privado",1606,40,"Mulher","Amazonas","Ensino médio completo","Não branco","Não responsável pelo domicílio","Norte"
"9","130035831_04_11_13_05_1996_Mulher_1310212",2275,"Migrou para TCP",710,27,"Mulher","Amazonas","Ensino médio incompleto","Não branco","Não responsável pelo domicílio","Norte"
"10","130108874_11_11_13_08_2004_Mulher_1310212",2500,"Migrou para o setor privado",1412,19,"Mulher","Amazonas","Ensino médio completo","Não branco","Não responsável pelo domicílio","Norte"
"11","130053417_02_11_18_10_2004_Mulher_1351010",2921,"Migrou para o setor privado",1006,19,"Mulher","Amazonas","Ensino médio completo","Não branco","Não responsável pelo domicílio","Norte"
"12","130082904_10_11_08_05_1993_Mulher_1351010",2961,"Migrou para o setor privado",1412,30,"Mulher","Amazonas","Ensino médio completo","Não branco","Responsável pelo domicílio","Norte"
"13","140003688_12_11_29_11_1975_Homem_1410011",3428,"Migrou para o setor privado",1556,48,"Homem","Roraima","Ensino médio completo","Não branco","Não responsável pelo domicílio","Norte"
"14","140000582_05_11_19_08_2001_Homem_1410012",3633,"Migrou para o setor privado",2000,22,"Homem","Roraima","Ensino médio incompleto","Não branco","Não responsável pelo domicílio","Norte"
"15","140000582_07_11_24_05_1998_Mulher_1410012",3638,"Migrou para o setor privado",1450,25,"Mulher","Roraima","Ensino médio completo","Não branco","Não responsável pelo domicílio","Norte"
"16","140000582_12_11_30_04_1986_Mulher_1410012",3640,"Migrou para TCP",1800,37,"Mulher","Roraima","Ensino médio completo","Não branco","Responsável pelo domicílio","Norte"
"17","140000582_12_11_09_07_2004_Homem_1410012",3641,"Migrou para TCP",1450,19,"Homem","Roraima","Ensino médio completo","Não branco","Não responsável pelo domicílio","Norte"
"18","140006764_14_11_11_05_2002_Homem_1410012",3784,"Migrou para o setor privado",2150,22,"Homem","Roraima","Ensino médio completo","Não branco","Não responsável pelo domicílio","Norte"
"19","140007045_03_11_27_07_2001_Homem_1410012",3786,"Migrou para o setor privado",1456,23,"Homem","Roraima","Ensino médio incompleto","Não branco","Não responsável pelo domicílio","Norte"
"20","150023256_10_11_04_03_1989_Homem_1510011",4074,"Migrou para TCP",1100,35,"Homem","Pará","Ensino médio completo","Não branco","Responsável pelo domicílio","Norte"
"21","150029326_06_11_28_11_1997_Homem_1510011",4085,"Migrou para o setor privado",1366,26,"Homem","Pará","Ensino médio completo","Branco","Não responsável pelo domicílio","Norte"
"22","150034325_06_11_20_03_1989_Homem_1510013",4659,"Migrou para o setor privado",1412,35,"Homem","Pará","Ensino médio incompleto","Não branco","Não responsável pelo domicílio","Norte"
"23","150034325_08_11_29_02_2004_Homem_1510013",4663,"Migrou para o setor privado",1512,20,"Homem","Pará","Ensino médio completo","Não branco","Não responsável pelo domicílio","Norte"
"24","150014829_01_11_17_12_1996_Mulher_1520011",4738,"Migrou para TCP",1100,27,"Mulher","Pará","Ensino médio completo","Não branco","Não responsável pelo domicílio","Norte"
"25","150023771_11_11_22_05_1983_Homem_1520011",4764,"Migrou para o setor privado",1456,40,"Homem","Pará","Ensino médio completo","Não branco","Responsável pelo domicílio","Norte"
"26","150023771_13_11_10_03_1983_Mulher_1520011",4766,"Migrou para TCP",300,40,"Mulher","Pará","Ensino médio completo","Não branco","Não responsável pelo domicílio","Norte"
"27","150071035_12_11_12_07_1996_Homem_1520011",4867,"Migrou para o setor privado",1000,27,"Homem","Pará","Ensino médio completo","Não branco","Não responsável pelo domicílio","Norte"
"28","150032657_08_11_01_12_2000_Homem_1520012",4991,"Migrou para o setor privado",1366,23,"Homem","Pará","Ensino médio completo","Não branco","Não responsável pelo domicílio","Norte"
"29","150032657_09_11_15_05_1962_Homem_1520012",4994,"Migrou para o setor privado",1900,61,"Homem","Pará","Ensino médio completo","Branco","Não responsável pelo domicílio","Norte"
"30","150101435_14_11_18_10_2005_Homem_1520012",5075,"Migrou para o setor privado",1412,18,"Homem","Pará","Ensino médio completo","Não branco","Não responsável pelo domicílio","Norte"
"31","150051464_02_11_04_12_1991_Homem_1551011",5139,"Migrou para o setor privado",900,32,"Homem","Pará","Ensino médio incompleto","Não branco","Não responsável pelo domicílio","Norte"
"32","150124453_13_11_12_03_1978_Mulher_1551011",5345,"Migrou para TCP",290,45,"Mulher","Pará","Ensino médio completo","Não branco","Responsável pelo domicílio","Norte"
"33","150099296_06_11_16_08_1989_Mulher_1552011",5701,"Migrou para o setor privado",1412,34,"Mulher","Pará","Ensino médio completo","Não branco","Responsável pelo domicílio","Norte"
"34","150106761_01_11_21_09_2002_Mulher_1552011",5707,"Migrou para o setor privado",1106,21,"Mulher","Pará","Ensino médio completo","Não branco","Não responsável pelo domicílio","Norte"
"35","150107982_13_11_05_09_2001_Homem_1552011",5728,"Migrou para o setor privado",1656,22,"Homem","Pará","Ensino médio incompleto","Não branco","Não responsável pelo domicílio","Norte"
"36","150067829_11_11_01_09_2000_Homem_1552012",5842,"Migrou para o setor privado",1600,23,"Homem","Pará","Ensino médio completo","Não branco","Não responsável pelo domicílio","Norte"
"37","150066989_03_11_16_09_1988_Homem_1553011",5941,"Migrou para o setor privado",1000,35,"Homem","Pará","Ensino médio incompleto","Não branco","Não responsável pelo domicílio","Norte"
"38","160005255_04_11_21_05_1990_Homem_1610112",6449,"Migrou para o setor privado",2118,34,"Homem","Amapá","Ensino médio incompleto","Branco","Não responsável pelo domicílio","Norte"
"39","160001966_02_11_01_12_1980_Mulher_1620010",6498,"Migrou para o setor privado",600,43,"Mulher","Amapá","Ensino médio incompleto","Não branco","Responsável pelo domicílio","Norte"
"40","160002310_08_11_04_05_1981_Homem_1650010",6728,"Migrou para o setor privado",3000,43,"Homem","Amapá","Ensino médio completo","Não branco","Não responsável pelo domicílio","Norte"
"41","170025438_08_11_30_09_1990_Mulher_1710010",6975,"Migrou para o setor privado",2300,33,"Mulher","Tocantins","Ensino médio completo","Não branco","Responsável pelo domicílio","Norte"
"42","170025345_13_11_22_11_1996_Mulher_1751011",7129,"Migrou para o setor privado",1366,27,"Mulher","Tocantins","Ensino médio completo","Não branco","Não responsável pelo domicílio","Norte"
"43","170029321_04_11_10_08_1996_Homem_1751011",7156,"Migrou para o setor privado",1506,27,"Homem","Tocantins","Ensino médio completo","Não branco","Responsável pelo domicílio","Norte"
"44","170041606_06_11_02_02_1988_Homem_1751011",7202,"Migrou para o setor privado",1708,36,"Homem","Tocantins","Ensino médio completo","Não branco","Não responsável pelo domicílio","Norte"
"45","210045920_08_11_04_09_1999_Mulher_2152011",8443,"Migrou para o setor privado",1750,24,"Mulher","Maranhão","Ensino médio completo","Não branco","Não responsável pelo domicílio","Nordeste"
"46","210109790_14_11_11_05_2005_Homem_2152011",8656,"Migrou para o setor privado",750,19,"Homem","Maranhão","Ensino médio completo","Não branco","Não responsável pelo domicílio","Nordeste"
"47","210153400_05_11_16_07_1980_Homem_2153012",9346,"Migrou para TCP",500,44,"Homem","Maranhão","Ensino médio incompleto","Não branco","Não responsável pelo domicílio","Nordeste"
"48","210153400_07_11_10_08_1976_Homem_2153012",9347,"Migrou para TCP",1412,47,"Homem","Maranhão","Ensino médio incompleto","Não branco","Responsável pelo domicílio","Nordeste"
"49","210102030_06_11_21_12_2004_Homem_2154011",9486,"Migrou para o setor privado",500,19,"Homem","Maranhão","Ensino médio completo","Não branco","Não responsável pelo domicílio","Nordeste"
"50","220008650_02_11_13_08_2003_Homem_2210011",9745,"Migrou para o setor privado",1162.5,21,"Homem","Piauí","Ensino médio completo","Não branco","Não responsável pelo domicílio","Nordeste"
"51","220036782_13_11_26_09_1977_Mulher_2210012",10061,"Migrou para o setor privado",1412,46,"Mulher","Piauí","Ensino médio completo","Não branco","Responsável pelo domicílio","Nordeste"
"52","220022628_05_11_20_05_1983_Homem_2210013",10128,"Migrou para o setor privado",1466.5,40,"Homem","Piauí","Ensino médio completo","Não branco","Responsável pelo domicílio","Nordeste"
"53","220022628_13_11_30_01_1984_Mulher_2210013",10141,"Migrou para o setor privado",1412,40,"Mulher","Piauí","Ensino médio completo","Não branco","Não responsável pelo domicílio","Nordeste"
"54","220015514_01_11_25_08_2001_Homem_2220010",10233,"Migrou para o setor privado",1031,22,"Homem","Piauí","Ensino médio completo","Não branco","Não responsável pelo domicílio","Nordeste"
"55","220015514_01_11_15_01_2004_Homem_2220010",10234,"Migrou para o setor privado",1416,20,"Homem","Piauí","Ensino médio completo","Não branco","Não responsável pelo domicílio","Nordeste"
"56","220080396_12_11_22_11_1973_Homem_2220010",10371,"Migrou para TCP",1350,50,"Homem","Piauí","Ensino médio incompleto","Não branco","Responsável pelo domicílio","Nordeste"
"57","220029616_05_11_11_08_1994_Mulher_2252011",10714,"Migrou para TCP",525,29,"Mulher","Piauí","Ensino médio incompleto","Não branco","Responsável pelo domicílio","Nordeste"
"58","220027834_08_11_17_11_1992_Mulher_2252012",10846,"Migrou para TCP",250,31,"Mulher","Piauí","Ensino médio completo","Não branco","Responsável pelo domicílio","Nordeste"
"59","220049829_01_11_26_08_2004_Mulher_2252012",10893,"Migrou para o setor privado",746,19,"Mulher","Piauí","Ensino médio completo","Não branco","Não responsável pelo domicílio","Nordeste"
"60","220049829_03_11_24_05_1975_Homem_2252012",10896,"Migrou para o setor privado",1306,48,"Homem","Piauí","Ensino médio incompleto","Não branco","Não responsável pelo domicílio","Nordeste"
"61","220045257_01_11_01_06_2002_Mulher_2253010",11000,"Migrou para o setor privado",750,22,"Mulher","Piauí","Ensino médio completo","Não branco","Não responsável pelo domicílio","Nordeste"
"62","230048334_06_11_25_07_1992_Mulher_2310112",11093,"Migrou para o setor privado",2314,31,"Mulher","Ceará","Ensino médio completo","Branco","Não responsável pelo domicílio","Nordeste"
"63","230058746_13_11_12_09_1976_Mulher_2310212",11459,"Migrou para TCP",1156,47,"Mulher","Ceará","Ensino médio completo","Branco","Responsável pelo domicílio","Nordeste"
"64","230203729_02_11_20_04_2005_Homem_2310212",11543,"Migrou para o setor privado",1106,18,"Homem","Ceará","Ensino médio completo","Branco","Não responsável pelo domicílio","Nordeste"
"65","230041004_05_11_10_04_1997_Homem_2320011",11609,"Migrou para o setor privado",1606,27,"Homem","Ceará","Ensino médio incompleto","Branco","Não responsável pelo domicílio","Nordeste"
"66","230015045_13_11_02_01_1990_Homem_2351012",11992,"Migrou para o setor privado",2106,34,"Homem","Ceará","Ensino médio completo","Não branco","Não responsável pelo domicílio","Nordeste"
"67","230061270_14_11_13_01_2003_Homem_2351012",12006,"Migrou para o setor privado",250,21,"Homem","Ceará","Ensino médio completo","Não branco","Não responsável pelo domicílio","Nordeste"
"68","230095866_09_11_28_04_1995_Homem_2351012",12061,"Migrou para o setor privado",846,29,"Homem","Ceará","Ensino médio completo","Não branco","Não responsável pelo domicílio","Nordeste"
"69","230124245_01_11_08_07_1982_Mulher_2351012",12109,"Migrou para o setor privado",1412,41,"Mulher","Ceará","Ensino médio incompleto","Não branco","Não responsável pelo domicílio","Nordeste"
"70","230154030_07_11_05_02_2004_Mulher_2351012",12163,"Migrou para o setor privado",1306,20,"Mulher","Ceará","Ensino médio completo","Não branco","Não responsável pelo domicílio","Nordeste"
"71","230025920_04_11_09_05_1974_Homem_2351013",12196,"Migrou para o setor privado",1756,49,"Homem","Ceará","Ensino médio completo","Branco","Responsável pelo domicílio","Nordeste"
"72","230108206_02_11_15_01_1974_Homem_2352011",12367,"Migrou para o setor privado",925,50,"Homem","Ceará","Ensino médio incompleto","Não branco","Responsável pelo domicílio","Nordeste"
"73","230020780_03_11_23_06_1966_Homem_2353011",12585,"Migrou para o setor privado",1412,57,"Homem","Ceará","Ensino médio incompleto","Branco","Responsável pelo domicílio","Nordeste"
"74","230024964_10_11_28_10_2004_Homem_2354011",13034,"Migrou para o setor privado",1370,19,"Homem","Ceará","Ensino médio completo","Não branco","Não responsável pelo domicílio","Nordeste"
"75","230056980_04_11_15_03_1994_Mulher_2354011",13061,"Migrou para TCP",200,30,"Mulher","Ceará","Ensino médio completo","Não branco","Não responsável pelo domicílio","Nordeste"
"76","230120317_10_11_02_01_1988_Mulher_2354011",13125,"Migrou para o setor privado",850,36,"Mulher","Ceará","Ensino médio incompleto","Branco","Responsável pelo domicílio","Nordeste"
"77","240016365_08_11_15_08_1986_Mulher_2410011",13326,"Migrou para o setor privado",1366,37,"Mulher","Rio Grande do Norte","Ensino médio completo","Não branco","Não responsável pelo domicílio","Nordeste"
"78","240028475_07_11_23_02_1983_Homem_2410011",13362,"Migrou para o setor privado",1366,41,"Homem","Rio Grande do Norte","Ensino médio completo","Branco","Não responsável pelo domicílio","Nordeste"
"79","240078504_01_11_18_07_1998_Mulher_2410011",13499,"Migrou para o setor privado",1366,25,"Mulher","Rio Grande do Norte","Ensino médio completo","Não branco","Não responsável pelo domicílio","Nordeste"
"80","240042168_06_11_05_10_2001_Homem_2410012",13640,"Migrou para o setor privado",1412,22,"Homem","Rio Grande do Norte","Ensino médio incompleto","Não branco","Não responsável pelo domicílio","Nordeste"
"81","240073436_05_11_11_10_1995_Mulher_2420010",13733,"Migrou para o setor privado",1412,28,"Mulher","Rio Grande do Norte","Ensino médio completo","Branco","Responsável pelo domicílio","Nordeste"
"82","240073436_07_11_21_09_2001_Homem_2420010",13735,"Migrou para o setor privado",1650,22,"Homem","Rio Grande do Norte","Ensino médio incompleto","Não branco","Responsável pelo domicílio","Nordeste"
"83","240084557_04_11_19_04_2002_Mulher_2420010",13806,"Migrou para o setor privado",1412,22,"Mulher","Rio Grande do Norte","Ensino médio completo","Não branco","Não responsável pelo domicílio","Nordeste"
"84","240041151_13_11_28_05_2003_Homem_2452011",14053,"Migrou para o setor privado",1480,21,"Homem","Rio Grande do Norte","Ensino médio completo","Branco","Não responsável pelo domicílio","Nordeste"
"85","240041693_14_11_18_04_1994_Homem_2452011",14068,"Migrou para o setor privado",1412,29,"Homem","Rio Grande do Norte","Ensino médio completo","Branco","Não responsável pelo domicílio","Nordeste"
"86","240081773_04_11_29_06_2001_Mulher_2452011",14093,"Migrou para o setor privado",300,22,"Mulher","Rio Grande do Norte","Ensino médio incompleto","Não branco","Responsável pelo domicílio","Nordeste"
"87","240012477_07_11_04_07_1996_Mulher_2453011",14241,"Migrou para o setor privado",180,27,"Mulher","Rio Grande do Norte","Ensino médio incompleto","Não branco","Responsável pelo domicílio","Nordeste"
"88","240012788_06_11_05_01_1972_Homem_2453011",14249,"Migrou para o setor privado",2110.5,52,"Homem","Rio Grande do Norte","Ensino médio incompleto","Não branco","Responsável pelo domicílio","Nordeste"
"89","240040933_10_11_01_12_2001_Homem_2453011",14345,"Migrou para o setor privado",1412,22,"Homem","Rio Grande do Norte","Ensino médio completo","Não branco","Não responsável pelo domicílio","Nordeste"
"90","240014510_09_11_18_08_2003_Homem_2453012",14380,"Migrou para TCP",807,21,"Homem","Rio Grande do Norte","Ensino médio completo","Não branco","Não responsável pelo domicílio","Nordeste"
"91","250057825_01_11_24_06_2004_Mulher_2510011",14617,"Migrou para o setor privado",1480,19,"Mulher","Paraíba","Ensino médio completo","Branco","Não responsável pelo domicílio","Nordeste"
"92","250057825_13_11_24_10_1977_Mulher_2510011",14627,"Migrou para o setor privado",1366,46,"Mulher","Paraíba","Ensino médio completo","Branco","Responsável pelo domicílio","Nordeste"
"93","250057979_10_11_05_09_2001_Homem_2510011",14633,"Migrou para TCP",2000,22,"Homem","Paraíba","Ensino médio completo","Branco","Não responsável pelo domicílio","Nordeste"
"94","250063833_03_11_26_01_1972_Mulher_2510011",14688,"Migrou para o setor privado",1506,52,"Mulher","Paraíba","Ensino médio completo","Não branco","Responsável pelo domicílio","Nordeste"
"95","250063833_07_11_29_12_2000_Homem_2510011",14693,"Migrou para o setor privado",2000,23,"Homem","Paraíba","Ensino médio completo","Não branco","Não responsável pelo domicílio","Nordeste"
"96","250020500_03_11_14_05_2003_Mulher_2510012",14805,"Migrou para o setor privado",1412,21,"Mulher","Paraíba","Ensino médio completo","Não branco","Não responsável pelo domicílio","Nordeste"
"97","250030535_03_11_18_06_1998_Homem_2510012",14824,"Migrou para o setor privado",1700,25,"Homem","Paraíba","Ensino médio completo","Não branco","Não responsável pelo domicílio","Nordeste"
"98","250069298_08_11_26_07_1983_Mulher_2520011",15137,"Migrou para o setor privado",1508.5,40,"Mulher","Paraíba","Ensino médio incompleto","Branco","Responsável pelo domicílio","Nordeste"
"99","250076316_06_11_24_05_2000_Homem_2520011",15155,"Migrou para TCP",900,23,"Homem","Paraíba","Ensino médio incompleto","Branco","Não responsável pelo domicílio","Nordeste"
"100","250071039_06_11_15_08_2003_Homem_2520012",15275,"Migrou para o setor privado",500,20,"Homem","Paraíba","Ensino médio completo","Não branco","Não responsável pelo domicílio","Nordeste"
"101","250019219_12_11_04_07_1998_Homem_2552011",15454,"Migrou para o setor privado",310,26,"Homem","Paraíba","Ensino médio completo","Branco","Responsável pelo domicílio","Nordeste"
"102","250039526_12_11_21_04_2000_Homem_2552011",15482,"Migrou para o setor privado",510,23,"Homem","Paraíba","Ensino médio incompleto","Não branco","Responsável pelo domicílio","Nordeste"
"103","250075386_06_11_30_07_1989_Homem_2552011",15576,"Migrou para TCP",1100,34,"Homem","Paraíba","Ensino médio completo","Não branco","Não responsável pelo domicílio","Nordeste"
"104","250047499_08_11_17_12_1971_Mulher_2553011",15883,"Migrou para o setor privado",650,52,"Mulher","Paraíba","Ensino médio incompleto","Branco","Responsável pelo domicílio","Nordeste"
"105","260039120_04_11_31_01_1998_Homem_2610011",16149,"Migrou para o setor privado",825,26,"Homem","Pernambuco","Ensino médio incompleto","Não branco","Responsável pelo domicílio","Nordeste"
"106","260115713_10_11_05_06_2000_Homem_2610011",16291,"Migrou para o setor privado",650,23,"Homem","Pernambuco","Ensino médio completo","Não branco","Não responsável pelo domicílio","Nordeste"
"107","260226820_12_11_04_07_1987_Mulher_2610011",16420,"Migrou para o setor privado",4500,36,"Mulher","Pernambuco","Ensino médio completo","Branco","Responsável pelo domicílio","Nordeste"
"108","260077626_01_11_14_08_1983_Mulher_2620011",16746,"Migrou para o setor privado",880,40,"Mulher","Pernambuco","Ensino médio completo","Não branco","Responsável pelo domicílio","Nordeste"
"109","260241345_14_11_18_08_1981_Homem_2620011",16804,"Migrou para o setor privado",1850,42,"Homem","Pernambuco","Ensino médio completo","Branco","Responsável pelo domicílio","Nordeste"
"110","260033870_12_11_09_08_1995_Mulher_2620012",16832,"Migrou para o setor privado",1800,28,"Mulher","Pernambuco","Ensino médio completo","Não branco","Responsável pelo domicílio","Nordeste"
"111","260058358_05_11_08_01_1995_Mulher_2620012",16886,"Migrou para o setor privado",2000,29,"Mulher","Pernambuco","Ensino médio completo","Branco","Não responsável pelo domicílio","Nordeste"
"112","260120883_10_11_23_08_1977_Mulher_2620012",16935,"Migrou para o setor privado",1956,47,"Mulher","Pernambuco","Ensino médio completo","Branco","Responsável pelo domicílio","Nordeste"
"113","260201931_04_11_13_08_1979_Homem_2620012",16972,"Migrou para o setor privado",1700,44,"Homem","Pernambuco","Ensino médio completo","Não branco","Responsável pelo domicílio","Nordeste"
"114","260207820_06_11_13_11_1987_Homem_2620012",16993,"Migrou para o setor privado",1406,36,"Homem","Pernambuco","Ensino médio completo","Não branco","Não responsável pelo domicílio","Nordeste"
"115","260209810_06_11_10_12_1966_Homem_2620012",17004,"Migrou para TCP",225,57,"Homem","Pernambuco","Ensino médio incompleto","Não branco","Responsável pelo domicílio","Nordeste"
"116","260209810_07_11_29_06_1986_Homem_2620012",17005,"Migrou para o setor privado",1412,38,"Homem","Pernambuco","Ensino médio incompleto","Não branco","Responsável pelo domicílio","Nordeste"
"117","260211118_07_11_18_02_2005_Homem_2620012",17019,"Migrou para o setor privado",1412,18,"Homem","Pernambuco","Ensino médio completo","Não branco","Responsável pelo domicílio","Nordeste"
"118","260212133_01_11_05_05_1995_Mulher_2620012",17030,"Migrou para o setor privado",1366,28,"Mulher","Pernambuco","Ensino médio completo","Não branco","Responsável pelo domicílio","Nordeste"
"119","260212133_06_11_15_08_2004_Homem_2620012",17034,"Migrou para o setor privado",1366,19,"Homem","Pernambuco","Ensino médio completo","Não branco","Não responsável pelo domicílio","Nordeste"
"120","260218597_13_11_26_02_2001_Homem_2620012",17062,"Migrou para TCP",1350,22,"Homem","Pernambuco","Ensino médio completo","Não branco","Não responsável pelo domicílio","Nordeste"
"121","260221792_03_11_17_11_1975_Homem_2620012",17073,"Migrou para o setor privado",1600,48,"Homem","Pernambuco","Ensino médio completo","Não branco","Responsável pelo domicílio","Nordeste"
"122","260221792_13_11_23_11_1989_Homem_2620012",17078,"Migrou para TCP",1000,34,"Homem","Pernambuco","Ensino médio completo","Não branco","Responsável pelo domicílio","Nordeste"
"123","260132300_07_11_02_05_2000_Homem_2651011",17257,"Migrou para o setor privado",2000,24,"Homem","Pernambuco","Ensino médio completo","Branco","Não responsável pelo domicílio","Nordeste"
"124","260129857_13_11_08_03_1990_Mulher_2651012",17334,"Migrou para o setor privado",1510,34,"Mulher","Pernambuco","Ensino médio completo","Não branco","Responsável pelo domicílio","Nordeste"
"125","260138610_07_11_22_12_1976_Homem_2652012",17635,"Migrou para o setor privado",1100,47,"Homem","Pernambuco","Ensino médio incompleto","Não branco","Responsável pelo domicílio","Nordeste"
"126","260214919_01_11_21_05_1976_Homem_2653012",18064,"Migrou para TCP",700,48,"Homem","Pernambuco","Ensino médio completo","Branco","Não responsável pelo domicílio","Nordeste"
"127","270027909_03_11_20_08_2002_Mulher_2710111",18487,"Migrou para o setor privado",0,21,"Mulher","Alagoas","Ensino médio completo","Não branco","Não responsável pelo domicílio","Nordeste"
"128","270034670_10_11_21_02_2001_Mulher_2710111",18554,"Migrou para o setor privado",1412,23,"Mulher","Alagoas","Ensino médio completo","Não branco","Não responsável pelo domicílio","Nordeste"
"129","270018467_07_11_16_07_1973_Homem_2710112",18852,"Migrou para TCP",2250,50,"Homem","Alagoas","Ensino médio completo","Não branco","Responsável pelo domicílio","Nordeste"
"130","270035364_05_11_14_02_1986_Mulher_2710112",18906,"Migrou para o setor privado",906,37,"Mulher","Alagoas","Ensino médio completo","Branco","Não responsável pelo domicílio","Nordeste"
"131","270019297_12_11_04_07_1995_Homem_2710113",19051,"Migrou para o setor privado",1200,28,"Homem","Alagoas","Ensino médio completo","Não branco","Não responsável pelo domicílio","Nordeste"
"132","270002228_07_11_07_08_1963_Homem_2720010",19098,"Migrou para o setor privado",1250,60,"Homem","Alagoas","Ensino médio incompleto","Branco","Não responsável pelo domicílio","Nordeste"
"133","270003406_13_11_15_01_1978_Homem_2720010",19130,"Migrou para TCP",410,46,"Homem","Alagoas","Ensino médio incompleto","Branco","Responsável pelo domicílio","Nordeste"
"134","270030678_03_11_01_08_1997_Mulher_2720010",19173,"Migrou para TCP",600,26,"Mulher","Alagoas","Ensino médio completo","Não branco","Responsável pelo domicílio","Nordeste"
"135","270071800_10_11_19_03_1975_Homem_2753011",19916,"Migrou para o setor privado",1871,49,"Homem","Alagoas","Ensino médio incompleto","Branco","Não responsável pelo domicílio","Nordeste"
"136","280030946_12_11_20_04_1991_Mulher_2810011",20136,"Migrou para o setor privado",1500,33,"Mulher","Sergipe","Ensino médio completo","Não branco","Não responsável pelo domicílio","Nordeste"
"137","280033620_02_11_13_06_1994_Homem_2810011",20152,"Migrou para o setor privado",2912.5,30,"Homem","Sergipe","Ensino médio completo","Não branco","Responsável pelo domicílio","Nordeste"
"138","280043098_10_11_31_01_1995_Homem_2810011",20218,"Migrou para o setor privado",1800,28,"Homem","Sergipe","Ensino médio completo","Branco","Responsável pelo domicílio","Nordeste"
"139","280014584_08_11_02_09_2002_Mulher_2852010",20738,"Migrou para o setor privado",1412,22,"Mulher","Sergipe","Ensino médio completo","Não branco","Não responsável pelo domicílio","Nordeste"
"140","280023084_12_11_04_04_1972_Homem_2852010",20785,"Migrou para o setor privado",1065,51,"Homem","Sergipe","Ensino médio completo","Não branco","Responsável pelo domicílio","Nordeste"
"141","280015150_03_11_23_03_1981_Homem_2853010",20951,"Migrou para o setor privado",1366,42,"Homem","Sergipe","Ensino médio incompleto","Não branco","Responsável pelo domicílio","Nordeste"
"142","290101926_02_11_12_06_2001_Homem_2910113",21246,"Migrou para o setor privado",800,23,"Homem","Bahia","Ensino médio incompleto","Não branco","Não responsável pelo domicílio","Nordeste"
"143","290014033_12_11_28_03_1983_Mulher_2910211",21319,"Migrou para o setor privado",1412,41,"Mulher","Bahia","Ensino médio incompleto","Não branco","Responsável pelo domicílio","Nordeste"
"144","290087309_11_11_20_11_1999_Mulher_2910211",21355,"Migrou para o setor privado",1412,24,"Mulher","Bahia","Ensino médio completo","Não branco","Não responsável pelo domicílio","Nordeste"
"145","290197721_08_11_14_06_1963_Mulher_2910211",21405,"Migrou para o setor privado",1562,60,"Mulher","Bahia","Ensino médio completo","Não branco","Responsável pelo domicílio","Nordeste"
"146","290134428_13_11_30_01_2002_Mulher_2910212",21504,"Migrou para o setor privado",1307,22,"Mulher","Bahia","Ensino médio completo","Não branco","Não responsável pelo domicílio","Nordeste"
"147","290079667_02_11_13_06_1975_Mulher_2910213",21545,"Migrou para TCP",250,49,"Mulher","Bahia","Ensino médio completo","Não branco","Responsável pelo domicílio","Nordeste"
"148","290079667_05_11_13_09_1981_Homem_2910213",21548,"Migrou para TCP",950,42,"Homem","Bahia","Ensino médio completo","Não branco","Responsável pelo domicílio","Nordeste"
"149","290056703_11_11_03_03_1999_Homem_2920011",21632,"Migrou para o setor privado",1431,25,"Homem","Bahia","Ensino médio completo","Não branco","Não responsável pelo domicílio","Nordeste"
"150","290118632_10_11_07_10_2003_Homem_2920011",21655,"Migrou para o setor privado",1950,20,"Homem","Bahia","Ensino médio incompleto","Branco","Não responsável pelo domicílio","Nordeste"
"151","290273210_06_11_22_07_1985_Homem_2920011",21683,"Migrou para TCP",3200,38,"Homem","Bahia","Ensino médio incompleto","Não branco","Responsável pelo domicílio","Nordeste"
"152","290152242_11_11_25_05_1988_Mulher_2920013",21802,"Migrou para TCP",700,35,"Mulher","Bahia","Ensino médio completo","Não branco","Responsável pelo domicílio","Nordeste"
"153","290183126_04_11_17_06_1979_Mulher_2920013",21823,"Migrou para o setor privado",1500,44,"Mulher","Bahia","Ensino médio completo","Não branco","Não responsável pelo domicílio","Nordeste"
"154","290188573_12_11_24_08_2003_Homem_2952012",22273,"Migrou para o setor privado",900,20,"Homem","Bahia","Ensino médio completo","Não branco","Não responsável pelo domicílio","Nordeste"
"155","290036290_14_11_19_01_1991_Homem_2953012",22522,"Migrou para TCP",856,33,"Homem","Bahia","Ensino médio completo","Não branco","Não responsável pelo domicílio","Nordeste"
"156","290245514_03_11_10_04_2003_Homem_2953013",22656,"Migrou para o setor privado",1306,21,"Homem","Bahia","Ensino médio completo","Não branco","Não responsável pelo domicílio","Nordeste"
"157","290061682_09_11_07_02_2002_Homem_2954010",22694,"Migrou para o setor privado",600,22,"Homem","Bahia","Ensino médio completo","Não branco","Não responsável pelo domicílio","Nordeste"
"158","290221320_05_11_18_06_1991_Homem_2955012",22904,"Migrou para o setor privado",700,33,"Homem","Bahia","Ensino médio completo","Não branco","Não responsável pelo domicílio","Nordeste"
"159","290001606_12_11_09_04_2000_Mulher_2955013",22943,"Migrou para TCP",500,23,"Mulher","Bahia","Ensino médio completo","Não branco","Não responsável pelo domicílio","Nordeste"
"160","290044560_12_11_16_05_1989_Mulher_2956011",23024,"Migrou para TCP",653,35,"Mulher","Bahia","Ensino médio completo","Não branco","Responsável pelo domicílio","Nordeste"
"161","290192349_04_11_10_04_1999_Homem_2956011",23112,"Migrou para o setor privado",1020,25,"Homem","Bahia","Ensino médio completo","Branco","Não responsável pelo domicílio","Nordeste"
"162","290142254_08_11_31_03_1985_Homem_2956012",23206,"Migrou para TCP",500,38,"Homem","Bahia","Ensino médio incompleto","Não branco","Não responsável pelo domicílio","Nordeste"
"163","290090136_06_11_02_10_2003_Homem_2956013",23282,"Migrou para o setor privado",800,20,"Homem","Bahia","Ensino médio incompleto","Não branco","Não responsável pelo domicílio","Nordeste"
"164","290142157_04_11_14_10_1976_Mulher_2956013",23288,"Migrou para o setor privado",325,47,"Mulher","Bahia","Ensino médio completo","Branco","Responsável pelo domicílio","Nordeste"
"165","310136388_11_11_18_03_1965_Homem_3110111",23371,"Migrou para o setor privado",1200,58,"Homem","Minas Gerais","Ensino médio incompleto","Não branco","Responsável pelo domicílio","Sudeste"
"166","310109503_02_11_19_02_2004_Mulher_3110112",23649,"Migrou para o setor privado",1412,20,"Mulher","Minas Gerais","Ensino médio incompleto","Não branco","Não responsável pelo domicílio","Sudeste"
"167","310109503_08_11_06_12_2000_Mulher_3110112",23662,"Migrou para o setor privado",1706,23,"Mulher","Minas Gerais","Ensino médio incompleto","Não branco","Não responsável pelo domicílio","Sudeste"
"168","310198351_13_11_02_10_1994_Homem_3110112",23722,"Migrou para TCP",1750,29,"Homem","Minas Gerais","Ensino médio incompleto","Não branco","Não responsável pelo domicílio","Sudeste"
"169","310165414_03_11_02_08_2001_Homem_3110113",23845,"Migrou para o setor privado",1106,22,"Homem","Minas Gerais","Ensino médio completo","Não branco","Não responsável pelo domicílio","Sudeste"
"170","310288234_06_11_09_10_1997_Homem_3110113",23878,"Migrou para o setor privado",1706,26,"Homem","Minas Gerais","Ensino médio completo","Branco","Responsável pelo domicílio","Sudeste"
"171","310151249_06_11_17_10_1995_Homem_3110211",23948,"Migrou para TCP",1412,28,"Homem","Minas Gerais","Ensino médio incompleto","Não branco","Não responsável pelo domicílio","Sudeste"
"172","310156673_13_11_11_03_1991_Mulher_3110211",23965,"Migrou para o setor privado",1412,32,"Mulher","Minas Gerais","Ensino médio incompleto","Não branco","Não responsável pelo domicílio","Sudeste"
"173","310223192_07_11_15_02_2004_Mulher_3110211",24003,"Migrou para o setor privado",1412,20,"Mulher","Minas Gerais","Ensino médio completo","Não branco","Não responsável pelo domicílio","Sudeste"
"174","310250028_10_11_08_07_1961_Mulher_3110211",24017,"Migrou para o setor privado",1500,62,"Mulher","Minas Gerais","Ensino médio incompleto","Não branco","Responsável pelo domicílio","Sudeste"
"175","310541097_12_11_16_10_1984_Mulher_3110212",24447,"Migrou para o setor privado",3000,39,"Mulher","Minas Gerais","Ensino médio completo","Branco","Responsável pelo domicílio","Sudeste"
"176","310270536_05_11_30_12_1977_Mulher_3110213",24526,"Migrou para o setor privado",1750,46,"Mulher","Minas Gerais","Ensino médio completo","Não branco","Responsável pelo domicílio","Sudeste"
"177","310050880_12_11_28_09_1992_Homem_3120011",24647,"Migrou para o setor privado",1200,32,"Homem","Minas Gerais","Ensino médio incompleto","Não branco","Não responsável pelo domicílio","Sudeste"
"178","310004047_08_11_05_04_1978_Mulher_3120012",24860,"Migrou para o setor privado",996.5,45,"Mulher","Minas Gerais","Ensino médio completo","Não branco","Responsável pelo domicílio","Sudeste"
"179","310374127_01_11_22_01_1982_Homem_3120012",25275,"Migrou para o setor privado",1750,42,"Homem","Minas Gerais","Ensino médio incompleto","Branco","Não responsável pelo domicílio","Sudeste"
"180","310511400_04_11_08_03_2005_Homem_3120012",25350,"Migrou para o setor privado",1412,19,"Homem","Minas Gerais","Ensino médio incompleto","Não branco","Não responsável pelo domicílio","Sudeste"
"181","310519970_11_11_17_01_1986_Mulher_3120012",25375,"Migrou para o setor privado",5750,37,"Mulher","Minas Gerais","Ensino médio completo","Branco","Não responsável pelo domicílio","Sudeste"
"182","310004572_01_11_04_10_2004_Mulher_3120013",25424,"Migrou para o setor privado",1412,19,"Mulher","Minas Gerais","Ensino médio completo","Não branco","Não responsável pelo domicílio","Sudeste"
"183","310398986_05_11_22_04_1977_Mulher_3120013",25560,"Migrou para o setor privado",1550,47,"Mulher","Minas Gerais","Ensino médio incompleto","Não branco","Responsável pelo domicílio","Sudeste"
"184","310034303_04_11_20_04_1994_Homem_3130011",25583,"Migrou para o setor privado",2050,29,"Homem","Minas Gerais","Ensino médio completo","Não branco","Não responsável pelo domicílio","Sudeste"
"185","310270792_08_11_30_04_1988_Homem_3151012",26357,"Migrou para TCP",3500,35,"Homem","Minas Gerais","Ensino médio completo","Branco","Não responsável pelo domicílio","Sudeste"
"186","310270792_12_11_24_04_1995_Homem_3151012",26362,"Migrou para TCP",2250,28,"Homem","Minas Gerais","Ensino médio completo","Branco","Não responsável pelo domicílio","Sudeste"
"187","310011704_14_11_19_09_2002_Homem_3151013",26458,"Migrou para o setor privado",1606,21,"Homem","Minas Gerais","Ensino médio completo","Não branco","Não responsável pelo domicílio","Sudeste"
"188","310347520_12_11_02_10_1965_Homem_3152011",26723,"Migrou para TCP",2160,58,"Homem","Minas Gerais","Ensino médio completo","Não branco","Não responsável pelo domicílio","Sudeste"
"189","310384631_11_11_07_04_2000_Mulher_3152013",27093,"Migrou para o setor privado",1800,24,"Mulher","Minas Gerais","Ensino médio completo","Branco","Responsável pelo domicílio","Sudeste"
"190","310059152_07_11_01_10_1991_Mulher_3153011",27171,"Migrou para TCP",725,32,"Mulher","Minas Gerais","Ensino médio completo","Não branco","Não responsável pelo domicílio","Sudeste"
"191","310389470_11_11_11_12_1999_Mulher_3153011",27365,"Migrou para o setor privado",1456,24,"Mulher","Minas Gerais","Ensino médio completo","Não branco","Responsável pelo domicílio","Sudeste"
"192","310092141_09_11_17_05_1993_Mulher_3153012",27415,"Migrou para o setor privado",1412,31,"Mulher","Minas Gerais","Ensino médio completo","Branco","Não responsável pelo domicílio","Sudeste"
"193","310137659_07_11_08_02_1989_Homem_3153013",27561,"Migrou para o setor privado",2000,35,"Homem","Minas Gerais","Ensino médio incompleto","Branco","Não responsável pelo domicílio","Sudeste"
"194","310326716_05_11_30_03_1992_Homem_3153013",27616,"Migrou para TCP",1400,31,"Homem","Minas Gerais","Ensino médio incompleto","Não branco","Não responsável pelo domicílio","Sudeste"
"195","310326716_07_11_17_08_1971_Homem_3153013",27617,"Migrou para o setor privado",1500,52,"Homem","Minas Gerais","Ensino médio incompleto","Branco","Responsável pelo domicílio","Sudeste"
"196","310411992_12_11_22_02_1996_Mulher_3154011",27846,"Migrou para o setor privado",1412,28,"Mulher","Minas Gerais","Ensino médio completo","Não branco","Responsável pelo domicílio","Sudeste"
"197","310259949_02_11_29_11_2000_Homem_3154012",27982,"Migrou para o setor privado",900,23,"Homem","Minas Gerais","Ensino médio completo","Não branco","Não responsável pelo domicílio","Sudeste"
"198","310417255_11_11_27_02_1960_Homem_3154012",28037,"Migrou para TCP",500,64,"Homem","Minas Gerais","Ensino médio incompleto","Não branco","Responsável pelo domicílio","Sudeste"
"199","310575114_12_11_06_11_2003_Homem_3154012",28051,"Migrou para o setor privado",706,20,"Homem","Minas Gerais","Ensino médio completo","Não branco","Não responsável pelo domicílio","Sudeste"
"200","310299255_09_11_10_10_2004_Homem_3154013",28134,"Migrou para o setor privado",1366,19,"Homem","Minas Gerais","Ensino médio completo","Branco","Não responsável pelo domicílio","Sudeste"
"201","310046690_06_11_30_01_1999_Mulher_3155011",28189,"Migrou para TCP",1650,25,"Mulher","Minas Gerais","Ensino médio completo","Não branco","Não responsável pelo domicílio","Sudeste"
"202","310289674_03_11_10_01_2002_Homem_3155011",28279,"Migrou para o setor privado",1556,22,"Homem","Minas Gerais","Ensino médio completo","Não branco","Não responsável pelo domicílio","Sudeste"
"203","310507234_02_11_10_06_2003_Mulher_3155011",28330,"Migrou para o setor privado",1850,20,"Mulher","Minas Gerais","Ensino médio completo","Não branco","Não responsável pelo domicílio","Sudeste"
"204","310269130_09_11_15_08_1972_Homem_3155013",28578,"Migrou para TCP",2700,51,"Homem","Minas Gerais","Ensino médio incompleto","Branco","Não responsável pelo domicílio","Sudeste"
"205","310138840_09_11_15_05_1997_Homem_3156013",29230,"Migrou para o setor privado",1556,26,"Homem","Minas Gerais","Ensino médio completo","Branco","Responsável pelo domicílio","Sudeste"
"206","320036986_05_11_09_10_1994_Homem_3210011",29377,"Migrou para TCP",1750,29,"Homem","Espírito Santo","Ensino médio completo","Não branco","Não responsável pelo domicílio","Sudeste"
"207","320026124_10_11_28_09_2000_Homem_3220011",29635,"Migrou para o setor privado",1600,23,"Homem","Espírito Santo","Ensino médio completo","Não branco","Não responsável pelo domicílio","Sudeste"
"208","320071918_11_11_11_03_1993_Homem_3220011",29793,"Migrou para o setor privado",2500,30,"Homem","Espírito Santo","Ensino médio completo","Não branco","Responsável pelo domicílio","Sudeste"
"209","320015295_04_11_30_05_1985_Homem_3220012",29926,"Migrou para o setor privado",1412,39,"Homem","Espírito Santo","Ensino médio incompleto","Não branco","Responsável pelo domicílio","Sudeste"
"210","320036612_09_11_17_07_2000_Homem_3220012",30114,"Migrou para o setor privado",1506,23,"Homem","Espírito Santo","Ensino médio completo","Não branco","Não responsável pelo domicílio","Sudeste"
"211","320064851_04_11_08_06_1999_Homem_3220012",30313,"Migrou para o setor privado",1412,25,"Homem","Espírito Santo","Ensino médio incompleto","Não branco","Não responsável pelo domicílio","Sudeste"
"212","320095987_13_11_12_10_2004_Homem_3220012",30485,"Migrou para o setor privado",1300,19,"Homem","Espírito Santo","Ensino médio completo","Branco","Não responsável pelo domicílio","Sudeste"
"213","320078839_14_11_25_01_1993_Mulher_3251011",30826,"Migrou para TCP",2800,31,"Mulher","Espírito Santo","Ensino médio completo","Branco","Responsável pelo domicílio","Sudeste"
"214","320007234_05_11_13_01_1991_Homem_3252011",30974,"Migrou para o setor privado",3700,33,"Homem","Espírito Santo","Ensino médio completo","Não branco","Não responsável pelo domicílio","Sudeste"
"215","330180332_07_11_12_10_1974_Mulher_3310111",31731,"Migrou para TCP",2000,49,"Mulher","Rio de Janeiro","Ensino médio completo","Branco","Responsável pelo domicílio","Sudeste"
"216","330180332_07_11_01_03_1998_Mulher_3310111",31732,"Migrou para TCP",3000,26,"Mulher","Rio de Janeiro","Ensino médio completo","Branco","Não responsável pelo domicílio","Sudeste"
"217","330103057_14_11_02_08_1972_Mulher_3310112",31947,"Migrou para TCP",7500,51,"Mulher","Rio de Janeiro","Ensino médio completo","Não branco","Não responsável pelo domicílio","Sudeste"
"218","330242831_04_11_12_08_1997_Mulher_3310112",32046,"Migrou para o setor privado",600,27,"Mulher","Rio de Janeiro","Ensino médio incompleto","Não branco","Não responsável pelo domicílio","Sudeste"
"219","330294891_07_11_12_04_1967_Mulher_3310112",32115,"Migrou para o setor privado",781,57,"Mulher","Rio de Janeiro","Ensino médio completo","Não branco","Responsável pelo domicílio","Sudeste"
"220","330396930_02_11_27_10_1979_Mulher_3310113",32360,"Migrou para TCP",1456,44,"Mulher","Rio de Janeiro","Ensino médio completo","Branco","Responsável pelo domicílio","Sudeste"
"221","330190742_02_11_11_06_1993_Homem_3310211",32507,"Migrou para TCP",1412,30,"Homem","Rio de Janeiro","Ensino médio completo","Não branco","Não responsável pelo domicílio","Sudeste"
"222","330227437_05_11_09_07_1984_Mulher_3310211",32533,"Migrou para o setor privado",485,39,"Mulher","Rio de Janeiro","Ensino médio completo","Não branco","Responsável pelo domicílio","Sudeste"
"223","330285723_11_11_19_03_1988_Mulher_3310211",32583,"Migrou para o setor privado",1412,36,"Mulher","Rio de Janeiro","Ensino médio completo","Não branco","Não responsável pelo domicílio","Sudeste"
"224","330323032_04_11_10_12_1983_Mulher_3310211",32668,"Migrou para TCP",3000,40,"Mulher","Rio de Janeiro","Ensino médio completo","Branco","Responsável pelo domicílio","Sudeste"
"225","330329824_06_11_15_06_1994_Homem_3310211",32688,"Migrou para TCP",2000,29,"Homem","Rio de Janeiro","Ensino médio completo","Não branco","Não responsável pelo domicílio","Sudeste"
"226","330399653_06_11_29_03_1966_Homem_3310212",32983,"Migrou para TCP",1000,58,"Homem","Rio de Janeiro","Ensino médio completo","Não branco","Responsável pelo domicílio","Sudeste"
"227","330066371_02_11_06_04_1991_Mulher_3310213",32988,"Migrou para TCP",2500,33,"Mulher","Rio de Janeiro","Ensino médio completo","Não branco","Responsável pelo domicílio","Sudeste"
"228","330034807_03_11_08_07_2004_Mulher_3310311",33094,"Migrou para o setor privado",700,19,"Mulher","Rio de Janeiro","Ensino médio completo","Não branco","Não responsável pelo domicílio","Sudeste"
"229","330034807_12_11_29_07_1999_Homem_3310311",33101,"Migrou para o setor privado",0,24,"Homem","Rio de Janeiro","Ensino médio completo","Não branco","Não responsável pelo domicílio","Sudeste"
"230","330081198_06_11_10_06_2004_Mulher_3310311",33135,"Migrou para o setor privado",1412,19,"Mulher","Rio de Janeiro","Ensino médio completo","Não branco","Não responsável pelo domicílio","Sudeste"
"231","330189277_13_11_12_12_1981_Mulher_3310311",33287,"Migrou para o setor privado",6000,42,"Mulher","Rio de Janeiro","Ensino médio completo","Não branco","Responsável pelo domicílio","Sudeste"
"232","330138998_05_11_15_10_1997_Homem_3310312",33634,"Migrou para o setor privado",1360,26,"Homem","Rio de Janeiro","Ensino médio completo","Não branco","Responsável pelo domicílio","Sudeste"
"233","330164108_04_11_11_04_2001_Homem_3310312",33690,"Migrou para o setor privado",1412,23,"Homem","Rio de Janeiro","Ensino médio incompleto","Branco","Não responsável pelo domicílio","Sudeste"
"234","330223612_01_11_31_07_1985_Homem_3310312",33704,"Migrou para o setor privado",1574,39,"Homem","Rio de Janeiro","Ensino médio completo","Não branco","Responsável pelo domicílio","Sudeste"
"235","330246485_09_11_06_08_1986_Mulher_3310312",33757,"Migrou para TCP",2050,37,"Mulher","Rio de Janeiro","Ensino médio completo","Não branco","Responsável pelo domicílio","Sudeste"
"236","330313209_09_11_18_05_1963_Homem_3321011",34030,"Migrou para o setor privado",1500,60,"Homem","Rio de Janeiro","Ensino médio incompleto","Branco","Responsável pelo domicílio","Sudeste"
"237","330340350_11_11_05_02_1980_Homem_3321011",34073,"Migrou para TCP",225,44,"Homem","Rio de Janeiro","Ensino médio incompleto","Não branco","Responsável pelo domicílio","Sudeste"
"238","330340350_13_11_25_08_1995_Homem_3321011",34075,"Migrou para o setor privado",1412,28,"Homem","Rio de Janeiro","Ensino médio completo","Branco","Não responsável pelo domicílio","Sudeste"
"239","330262525_05_11_01_09_1997_Homem_3321013",34349,"Migrou para o setor privado",1500,26,"Homem","Rio de Janeiro","Ensino médio completo","Branco","Não responsável pelo domicílio","Sudeste"
"240","330045872_04_11_17_09_2003_Homem_3322011",34403,"Migrou para o setor privado",1606,20,"Homem","Rio de Janeiro","Ensino médio completo","Não branco","Responsável pelo domicílio","Sudeste"
"241","330045872_10_11_19_04_1972_Homem_3322011",34413,"Migrou para TCP",1456,51,"Homem","Rio de Janeiro","Ensino médio completo","Branco","Não responsável pelo domicílio","Sudeste"
"242","330062172_04_11_20_11_2000_Mulher_3322011",34452,"Migrou para o setor privado",450,23,"Mulher","Rio de Janeiro","Ensino médio completo","Não branco","Não responsável pelo domicílio","Sudeste"
"243","330195272_05_11_24_08_1998_Mulher_3322011",34572,"Migrou para TCP",550,25,"Mulher","Rio de Janeiro","Ensino médio completo","Branco","Não responsável pelo domicílio","Sudeste"
"244","330317579_12_11_11_11_1988_Mulher_3322011",34753,"Migrou para TCP",1250,35,"Mulher","Rio de Janeiro","Ensino médio incompleto","Não branco","Responsável pelo domicílio","Sudeste"
"245","330001432_06_11_03_09_1990_Homem_3322012",34804,"Migrou para o setor privado",1500,33,"Homem","Rio de Janeiro","Ensino médio completo","Não branco","Não responsável pelo domicílio","Sudeste"
"246","330021383_06_11_13_12_1999_Homem_3322012",34823,"Migrou para TCP",1856,24,"Homem","Rio de Janeiro","Ensino médio incompleto","Não branco","Responsável pelo domicílio","Sudeste"
"247","330048724_14_11_17_08_1976_Homem_3322012",34865,"Migrou para TCP",1100,48,"Homem","Rio de Janeiro","Ensino médio completo","Branco","Responsável pelo domicílio","Sudeste"
"248","330093011_08_11_25_08_1999_Mulher_3322012",34956,"Migrou para o setor privado",1456,24,"Mulher","Rio de Janeiro","Ensino médio completo","Não branco","Responsável pelo domicílio","Sudeste"
"249","330142190_08_11_10_07_1976_Homem_3322012",35032,"Migrou para o setor privado",1406,47,"Homem","Rio de Janeiro","Ensino médio incompleto","Branco","Responsável pelo domicílio","Sudeste"
"250","330142190_08_11_28_02_2005_Mulher_3322012",35033,"Migrou para o setor privado",700,19,"Mulher","Rio de Janeiro","Ensino médio incompleto","Branco","Não responsável pelo domicílio","Sudeste"
"251","330226080_03_11_19_09_1999_Mulher_3322012",35097,"Migrou para o setor privado",1370,24,"Mulher","Rio de Janeiro","Ensino médio incompleto","Não branco","Não responsável pelo domicílio","Sudeste"
"252","330266025_04_11_18_11_2004_Homem_3322012",35122,"Migrou para o setor privado",825,19,"Homem","Rio de Janeiro","Ensino médio completo","Branco","Não responsável pelo domicílio","Sudeste"
"253","330298476_02_11_20_04_2005_Mulher_3322012",35140,"Migrou para o setor privado",925,18,"Mulher","Rio de Janeiro","Ensino médio completo","Não branco","Não responsável pelo domicílio","Sudeste"
"254","330325012_14_11_18_11_1966_Homem_3322012",35166,"Migrou para o setor privado",2000,57,"Homem","Rio de Janeiro","Ensino médio completo","Branco","Não responsável pelo domicílio","Sudeste"
"255","330415888_04_11_13_10_1994_Homem_3322012",35191,"Migrou para TCP",750,29,"Homem","Rio de Janeiro","Ensino médio completo","Branco","Responsável pelo domicílio","Sudeste"
"256","330014134_10_11_21_04_2002_Homem_3322013",35219,"Migrou para o setor privado",1412,22,"Homem","Rio de Janeiro","Ensino médio completo","Não branco","Não responsável pelo domicílio","Sudeste"
"257","330027189_10_11_22_11_2002_Homem_3323011",35359,"Migrou para o setor privado",800,21,"Homem","Rio de Janeiro","Ensino médio incompleto","Não branco","Não responsável pelo domicílio","Sudeste"
"258","330171366_06_11_08_02_1964_Homem_3323011",35450,"Migrou para o setor privado",2150,60,"Homem","Rio de Janeiro","Ensino médio incompleto","Não branco","Responsável pelo domicílio","Sudeste"
"259","330008955_05_11_18_09_1961_Homem_3323012",35521,"Migrou para o setor privado",1760,62,"Homem","Rio de Janeiro","Ensino médio completo","Não branco","Responsável pelo domicílio","Sudeste"
"260","330010795_09_11_11_11_1995_Mulher_3323012",35539,"Migrou para TCP",2500,28,"Mulher","Rio de Janeiro","Ensino médio completo","Branco","Não responsável pelo domicílio","Sudeste"
"261","330297124_01_11_25_02_1989_Homem_3323012",35839,"Migrou para TCP",2500,35,"Homem","Rio de Janeiro","Ensino médio completo","Branco","Responsável pelo domicílio","Sudeste"
"262","330299811_04_11_02_02_1994_Mulher_3323012",35890,"Migrou para o setor privado",1412,30,"Mulher","Rio de Janeiro","Ensino médio incompleto","Não branco","Não responsável pelo domicílio","Sudeste"
"263","330070990_06_11_14_12_1965_Mulher_3323013",36061,"Migrou para o setor privado",1366,58,"Mulher","Rio de Janeiro","Ensino médio completo","Branco","Responsável pelo domicílio","Sudeste"
"264","330018124_04_11_03_09_1990_Homem_3351011",36199,"Migrou para TCP",2640,33,"Homem","Rio de Janeiro","Ensino médio completo","Branco","Não responsável pelo domicílio","Sudeste"
"265","330322901_02_11_11_07_2005_Homem_3351011",36345,"Migrou para o setor privado",1500,18,"Homem","Rio de Janeiro","Ensino médio completo","Não branco","Não responsável pelo domicílio","Sudeste"
"266","330247610_02_11_15_08_1990_Homem_3351012",36418,"Migrou para TCP",775,33,"Homem","Rio de Janeiro","Ensino médio incompleto","Não branco","Responsável pelo domicílio","Sudeste"
"267","330175370_01_11_25_09_1981_Mulher_3351013",36509,"Migrou para o setor privado",1500,42,"Mulher","Rio de Janeiro","Ensino médio incompleto","Não branco","Responsável pelo domicílio","Sudeste"
"268","330175370_01_11_24_10_2004_Homem_3351013",36512,"Migrou para o setor privado",1506,19,"Homem","Rio de Janeiro","Ensino médio completo","Não branco","Não responsável pelo domicílio","Sudeste"
"269","330013433_06_11_10_11_1999_Homem_3352011",36549,"Migrou para o setor privado",1416,24,"Homem","Rio de Janeiro","Ensino médio incompleto","Não branco","Não responsável pelo domicílio","Sudeste"
"270","330217850_14_11_11_11_2003_Mulher_3352011",36633,"Migrou para o setor privado",1600,20,"Mulher","Rio de Janeiro","Ensino médio completo","Branco","Não responsável pelo domicílio","Sudeste"
"271","330267015_13_11_24_03_1999_Mulher_3352011",36703,"Migrou para o setor privado",1412,25,"Mulher","Rio de Janeiro","Ensino médio completo","Branco","Não responsável pelo domicílio","Sudeste"
"272","330132500_02_11_16_02_2004_Homem_3352013",36854,"Migrou para o setor privado",1300,20,"Homem","Rio de Janeiro","Ensino médio incompleto","Branco","Não responsável pelo domicílio","Sudeste"
"273","330073961_03_11_13_01_1992_Mulher_3353011",36940,"Migrou para TCP",1300,32,"Mulher","Rio de Janeiro","Ensino médio completo","Branco","Não responsável pelo domicílio","Sudeste"
"274","330114467_14_11_28_03_1981_Mulher_3353011",36982,"Migrou para o setor privado",1800,42,"Mulher","Rio de Janeiro","Ensino médio completo","Não branco","Responsável pelo domicílio","Sudeste"
"275","330158427_12_11_26_02_1983_Homem_3353011",37017,"Migrou para o setor privado",300,41,"Homem","Rio de Janeiro","Ensino médio completo","Não branco","Responsável pelo domicílio","Sudeste"
"276","330343708_01_11_04_06_1984_Homem_3353013",37327,"Migrou para o setor privado",400,39,"Homem","Rio de Janeiro","Ensino médio completo","Branco","Responsável pelo domicílio","Sudeste"
"277","330125151_07_11_27_11_1997_Homem_3354012",37519,"Migrou para o setor privado",2187,26,"Homem","Rio de Janeiro","Ensino médio completo","Branco","Não responsável pelo domicílio","Sudeste"
"278","330125151_11_11_25_10_1990_Homem_3354012",37520,"Migrou para o setor privado",1506,33,"Homem","Rio de Janeiro","Ensino médio completo","Não branco","Não responsável pelo domicílio","Sudeste"
"279","330205938_11_11_10_02_1997_Homem_3354012",37563,"Migrou para o setor privado",1412,27,"Homem","Rio de Janeiro","Ensino médio completo","Branco","Não responsável pelo domicílio","Sudeste"
"280","330234681_05_11_22_06_1999_Mulher_3354012",37590,"Migrou para o setor privado",500,25,"Mulher","Rio de Janeiro","Ensino médio completo","Branco","Não responsável pelo domicílio","Sudeste"
"281","330303878_07_11_01_05_1971_Mulher_3354012",37681,"Migrou para o setor privado",375,52,"Mulher","Rio de Janeiro","Ensino médio incompleto","Branco","Não responsável pelo domicílio","Sudeste"
"282","351241350_10_11_17_08_1977_Homem_3510111",38173,"Migrou para TCP",1000,46,"Homem","São Paulo","Ensino médio completo","Branco","Não responsável pelo domicílio","Sudeste"
"283","351292467_03_11_21_03_1994_Mulher_3510111",38193,"Migrou para o setor privado",5500,29,"Mulher","São Paulo","Ensino médio completo","Branco","Responsável pelo domicílio","Sudeste"
"284","350549642_06_11_13_03_1997_Mulher_3510112",38391,"Migrou para o setor privado",2000,27,"Mulher","São Paulo","Ensino médio completo","Branco","Não responsável pelo domicílio","Sudeste"
"285","350403160_10_11_15_06_1985_Homem_3510113",38511,"Migrou para TCP",800,38,"Homem","São Paulo","Ensino médio completo","Branco","Responsável pelo domicílio","Sudeste"
"286","351298651_02_11_10_10_1991_Homem_3510113",38537,"Migrou para o setor privado",2150,32,"Homem","São Paulo","Ensino médio completo","Não branco","Responsável pelo domicílio","Sudeste"
"287","350417470_11_11_05_04_2001_Mulher_3510212",38791,"Migrou para o setor privado",1500,22,"Mulher","São Paulo","Ensino médio completo","Não branco","Não responsável pelo domicílio","Sudeste"
"288","350531857_13_11_22_01_1997_Homem_3510212",38828,"Migrou para o setor privado",2500,27,"Homem","São Paulo","Ensino médio completo","Branco","Não responsável pelo domicílio","Sudeste"
"289","351288810_05_11_15_12_2003_Mulher_3510212",38969,"Migrou para o setor privado",1150,20,"Mulher","São Paulo","Ensino médio completo","Não branco","Não responsável pelo domicílio","Sudeste"
"290","351308697_01_11_24_03_1986_Mulher_3510212",38977,"Migrou para o setor privado",1675,37,"Mulher","São Paulo","Ensino médio completo","Branco","Não responsável pelo domicílio","Sudeste"
"291","350266367_11_11_14_02_2004_Homem_3510311",39132,"Migrou para o setor privado",1320,20,"Homem","São Paulo","Ensino médio completo","Não branco","Não responsável pelo domicílio","Sudeste"
"292","350272110_04_11_22_09_1979_Mulher_3510311",39134,"Migrou para o setor privado",1700,44,"Mulher","São Paulo","Ensino médio completo","Não branco","Responsável pelo domicílio","Sudeste"
"293","350387225_10_11_02_01_1990_Homem_3510311",39166,"Migrou para o setor privado",2000,34,"Homem","São Paulo","Ensino médio completo","Não branco","Não responsável pelo domicílio","Sudeste"
"294","350445119_07_11_24_03_2001_Homem_3510311",39175,"Migrou para o setor privado",1550,22,"Homem","São Paulo","Ensino médio completo","Branco","Não responsável pelo domicílio","Sudeste"
"295","350615540_06_11_27_07_1994_Homem_3510311",39265,"Migrou para o setor privado",1900,29,"Homem","São Paulo","Ensino médio completo","Branco","Responsável pelo domicílio","Sudeste"
"296","350365978_02_11_25_06_2001_Homem_3510312",39450,"Migrou para o setor privado",1435,22,"Homem","São Paulo","Ensino médio completo","Não branco","Não responsável pelo domicílio","Sudeste"
"297","350397456_09_11_19_02_2004_Mulher_3510312",39456,"Migrou para o setor privado",1366,20,"Mulher","São Paulo","Ensino médio completo","Branco","Não responsável pelo domicílio","Sudeste"
"298","350563693_02_11_26_06_1999_Homem_3510312",39497,"Migrou para o setor privado",2000,24,"Homem","São Paulo","Ensino médio completo","Branco","Não responsável pelo domicílio","Sudeste"
"299","350621123_11_11_05_09_1964_Homem_3510312",39544,"Migrou para o setor privado",3575,59,"Homem","São Paulo","Ensino médio completo","Branco","Não responsável pelo domicílio","Sudeste"
"300","350311187_14_11_29_08_1976_Mulher_3521011",39811,"Migrou para o setor privado",2336,47,"Mulher","São Paulo","Ensino médio completo","Branco","Responsável pelo domicílio","Sudeste"
"301","350699453_08_11_14_10_1993_Mulher_3521011",39969,"Migrou para o setor privado",1725,30,"Mulher","São Paulo","Ensino médio completo","Não branco","Não responsável pelo domicílio","Sudeste"
"302","350729068_06_11_18_02_2005_Homem_3521011",40014,"Migrou para o setor privado",1456,19,"Homem","São Paulo","Ensino médio completo","Não branco","Não responsável pelo domicílio","Sudeste"
"303","350719364_14_11_10_09_1982_Homem_3521012",40290,"Migrou para TCP",1500,41,"Homem","São Paulo","Ensino médio completo","Branco","Não responsável pelo domicílio","Sudeste"
"304","351319380_03_11_09_04_1999_Mulher_3521012",40361,"Migrou para o setor privado",1900,25,"Mulher","São Paulo","Ensino médio completo","Branco","Não responsável pelo domicílio","Sudeste"
"305","351195153_06_11_02_09_2005_Homem_3522011",40581,"Migrou para o setor privado",1581,18,"Homem","São Paulo","Ensino médio completo","Não branco","Não responsável pelo domicílio","Sudeste"
"306","350479858_07_11_04_04_1977_Mulher_3522012",40664,"Migrou para o setor privado",1350,47,"Mulher","São Paulo","Ensino médio incompleto","Branco","Responsável pelo domicílio","Sudeste"
"307","351111570_14_11_19_12_2001_Homem_3522012",40770,"Migrou para o setor privado",1075,22,"Homem","São Paulo","Ensino médio completo","Não branco","Responsável pelo domicílio","Sudeste"
"308","351200275_12_11_11_02_1991_Mulher_3522012",40802,"Migrou para o setor privado",2000,33,"Mulher","São Paulo","Ensino médio completo","Não branco","Responsável pelo domicílio","Sudeste"
"309","351304828_05_11_16_09_2002_Mulher_3522013",40980,"Migrou para o setor privado",1100,21,"Mulher","São Paulo","Ensino médio completo","Branco","Não responsável pelo domicílio","Sudeste"
"310","350240333_08_11_19_01_1977_Homem_3531011",41029,"Migrou para TCP",3250,47,"Homem","São Paulo","Ensino médio completo","Branco","Não responsável pelo domicílio","Sudeste"
"311","350289770_13_11_20_03_1967_Homem_3531011",41059,"Migrou para o setor privado",1850,56,"Homem","São Paulo","Ensino médio incompleto","Branco","Responsável pelo domicílio","Sudeste"
"312","350702895_10_11_10_12_1982_Homem_3531011",41124,"Migrou para o setor privado",2000,41,"Homem","São Paulo","Ensino médio incompleto","Não branco","Responsável pelo domicílio","Sudeste"
"313","351059606_09_11_07_01_2003_Homem_3531011",41135,"Migrou para o setor privado",1412,21,"Homem","São Paulo","Ensino médio completo","Não branco","Não responsável pelo domicílio","Sudeste"
"314","350024981_01_11_12_08_1995_Mulher_3531012",41249,"Migrou para TCP",3000,29,"Mulher","São Paulo","Ensino médio completo","Branco","Não responsável pelo domicílio","Sudeste"
"315","350269710_09_11_10_04_1974_Homem_3531012",41274,"Migrou para TCP",200,49,"Homem","São Paulo","Ensino médio incompleto","Não branco","Responsável pelo domicílio","Sudeste"
"316","350422292_09_11_12_09_1979_Homem_3531012",41306,"Migrou para TCP",2450,44,"Homem","São Paulo","Ensino médio completo","Branco","Responsável pelo domicílio","Sudeste"
"317","350424409_08_11_07_01_1982_Homem_3532011",41575,"Migrou para o setor privado",1900,42,"Homem","São Paulo","Ensino médio completo","Não branco","Não responsável pelo domicílio","Sudeste"
"318","350392448_14_11_04_11_1988_Mulher_3532012",41644,"Migrou para o setor privado",2350,35,"Mulher","São Paulo","Ensino médio completo","Não branco","Responsável pelo domicílio","Sudeste"
"319","350533120_08_11_27_05_1988_Homem_3532013",41762,"Migrou para o setor privado",1900,36,"Homem","São Paulo","Ensino médio completo","Branco","Responsável pelo domicílio","Sudeste"
"320","351127792_06_11_01_02_2000_Mulher_3532013",41786,"Migrou para o setor privado",1600,24,"Mulher","São Paulo","Ensino médio completo","Branco","Não responsável pelo domicílio","Sudeste"
"321","350146459_06_11_17_04_2000_Homem_3551011",41841,"Migrou para o setor privado",1356,24,"Homem","São Paulo","Ensino médio completo","Branco","Não responsável pelo domicílio","Sudeste"
"322","351136748_09_11_15_05_2005_Homem_3551011",42035,"Migrou para o setor privado",800,18,"Homem","São Paulo","Ensino médio completo","Não branco","Não responsável pelo domicílio","Sudeste"
"323","351381291_04_11_22_02_1990_Mulher_3551011",42128,"Migrou para o setor privado",1550,34,"Mulher","São Paulo","Ensino médio completo","Não branco","Não responsável pelo domicílio","Sudeste"
"324","350049717_02_11_12_09_1992_Mulher_3551012",42155,"Migrou para o setor privado",1606,31,"Mulher","São Paulo","Ensino médio completo","Não branco","Não responsável pelo domicílio","Sudeste"
"325","351240146_03_11_24_12_1982_Mulher_3551012",42322,"Migrou para o setor privado",1900,41,"Mulher","São Paulo","Ensino médio completo","Não branco","Não responsável pelo domicílio","Sudeste"
"326","351240146_04_11_27_08_1986_Homem_3551012",42324,"Migrou para o setor privado",2000,38,"Homem","São Paulo","Ensino médio completo","Não branco","Não responsável pelo domicílio","Sudeste"
"327","351154026_03_11_10_10_1997_Mulher_3551013",42419,"Migrou para TCP",1550,26,"Mulher","São Paulo","Ensino médio completo","Branco","Responsável pelo domicílio","Sudeste"
"328","351315256_11_11_27_04_2004_Homem_3552011",42692,"Migrou para o setor privado",1600,19,"Homem","São Paulo","Ensino médio completo","Não branco","Não responsável pelo domicílio","Sudeste"
"329","350138524_12_11_22_08_2004_Mulher_3553011",43074,"Migrou para o setor privado",1700,19,"Mulher","São Paulo","Ensino médio completo","Branco","Não responsável pelo domicílio","Sudeste"
"330","350140292_01_11_27_02_1968_Homem_3553012",43264,"Migrou para o setor privado",2500,56,"Homem","São Paulo","Ensino médio completo","Não branco","Responsável pelo domicílio","Sudeste"
"331","350607220_14_11_01_12_1978_Homem_3553013",43534,"Migrou para o setor privado",1885,45,"Homem","São Paulo","Ensino médio completo","Não branco","Responsável pelo domicílio","Sudeste"
"332","351245679_05_11_05_12_1976_Homem_3555012",44290,"Migrou para TCP",800,47,"Homem","São Paulo","Ensino médio completo","Não branco","Responsável pelo domicílio","Sudeste"
"333","350021252_09_11_21_02_1995_Mulher_3555013",44377,"Migrou para o setor privado",2000,29,"Mulher","São Paulo","Ensino médio completo","Branco","Não responsável pelo domicílio","Sudeste"
"334","410135332_08_11_07_10_1998_Homem_4110111",44609,"Migrou para o setor privado",2118,25,"Homem","Paraná","Ensino médio completo","Branco","Não responsável pelo domicílio","Sul"
"335","410181948_01_11_17_01_1994_Mulher_4110111",44703,"Migrou para TCP",2500,30,"Mulher","Paraná","Ensino médio completo","Branco","Responsável pelo domicílio","Sul"
"336","410256890_11_11_23_01_1997_Homem_4110111",44730,"Migrou para o setor privado",1600.5,27,"Homem","Paraná","Ensino médio completo","Não branco","Não responsável pelo domicílio","Sul"
"337","410268086_02_11_13_01_1965_Homem_4110111",44747,"Migrou para o setor privado",3900,59,"Homem","Paraná","Ensino médio completo","Branco","Responsável pelo domicílio","Sul"
"338","410233480_14_11_25_02_2003_Homem_4110211",45121,"Migrou para o setor privado",2250,21,"Homem","Paraná","Ensino médio completo","Branco","Não responsável pelo domicílio","Sul"
"339","410240749_06_11_06_07_1999_Homem_4110211",45131,"Migrou para o setor privado",2750,24,"Homem","Paraná","Ensino médio completo","Branco","Não responsável pelo domicílio","Sul"
"340","410058291_07_11_18_03_1980_Homem_4110213",45394,"Migrou para o setor privado",2200,44,"Homem","Paraná","Ensino médio incompleto","Não branco","Responsável pelo domicílio","Sul"
"341","410029259_11_11_31_10_1991_Homem_4120011",45493,"Migrou para TCP",1500,32,"Homem","Paraná","Ensino médio completo","Branco","Responsável pelo domicílio","Sul"
"342","410106116_06_11_09_02_1980_Homem_4120011",45581,"Migrou para o setor privado",1550,44,"Homem","Paraná","Ensino médio completo","Branco","Não responsável pelo domicílio","Sul"
"343","410003644_05_11_26_06_1995_Mulher_4120013",45912,"Migrou para o setor privado",2250,29,"Mulher","Paraná","Ensino médio completo","Branco","Não responsável pelo domicílio","Sul"
"344","410074202_12_11_17_07_1966_Mulher_4120013",45936,"Migrou para o setor privado",1606,57,"Mulher","Paraná","Ensino médio completo","Branco","Responsável pelo domicílio","Sul"
"345","410174383_05_11_19_07_1988_Mulher_4120013",45972,"Migrou para o setor privado",1510,35,"Mulher","Paraná","Ensino médio incompleto","Não branco","Não responsável pelo domicílio","Sul"
"346","410189845_14_11_28_12_1977_Mulher_4120013",45996,"Migrou para o setor privado",1300,46,"Mulher","Paraná","Ensino médio completo","Não branco","Responsável pelo domicílio","Sul"
"347","410255979_05_11_04_08_2002_Mulher_4120013",46017,"Migrou para o setor privado",1706,22,"Mulher","Paraná","Ensino médio incompleto","Branco","Não responsável pelo domicílio","Sul"
"348","410048810_04_11_05_01_2004_Homem_4151010",46040,"Migrou para o setor privado",2200,20,"Homem","Paraná","Ensino médio completo","Não branco","Não responsável pelo domicílio","Sul"
"349","410241088_07_11_10_12_1993_Mulher_4152012",46373,"Migrou para o setor privado",1500,30,"Mulher","Paraná","Ensino médio completo","Branco","Não responsável pelo domicílio","Sul"
"350","410267274_04_11_24_06_1965_Homem_4152013",46466,"Migrou para o setor privado",2500,58,"Homem","Paraná","Ensino médio incompleto","Branco","Responsável pelo domicílio","Sul"
"351","410046166_10_11_17_12_2004_Homem_4153013",46811,"Migrou para o setor privado",1750,19,"Homem","Paraná","Ensino médio completo","Branco","Não responsável pelo domicílio","Sul"
"352","410066842_07_11_14_10_2002_Homem_4153013",46817,"Migrou para TCP",2000,21,"Homem","Paraná","Ensino médio incompleto","Branco","Não responsável pelo domicílio","Sul"
"353","410026470_01_11_15_06_1964_Homem_4156011",47840,"Migrou para TCP",1700,59,"Homem","Paraná","Ensino médio incompleto","Branco","Responsável pelo domicílio","Sul"
"354","410000383_03_11_20_11_2003_Mulher_4156013",48309,"Migrou para o setor privado",1706,20,"Mulher","Paraná","Ensino médio completo","Branco","Não responsável pelo domicílio","Sul"
"355","410118900_06_11_05_08_1972_Mulher_4156013",48334,"Migrou para o setor privado",1256,52,"Mulher","Paraná","Ensino médio completo","Branco","Responsável pelo domicílio","Sul"
"356","420054068_10_11_18_02_1966_Homem_4210012",48618,"Migrou para o setor privado",2200,58,"Homem","Santa Catarina","Ensino médio incompleto","Branco","Responsável pelo domicílio","Sul"
"357","420192852_06_11_17_02_1982_Mulher_4220011",48831,"Migrou para TCP",1225,42,"Mulher","Santa Catarina","Ensino médio incompleto","Branco","Responsável pelo domicílio","Sul"
"358","420058073_04_11_03_12_1996_Homem_4252011",49870,"Migrou para o setor privado",2350,27,"Homem","Santa Catarina","Ensino médio completo","Branco","Não responsável pelo domicílio","Sul"
"359","420204662_10_11_14_12_1991_Homem_4252011",50202,"Migrou para TCP",2050,32,"Homem","Santa Catarina","Ensino médio completo","Branco","Não responsável pelo domicílio","Sul"
"360","420002221_13_11_25_06_1978_Mulher_4252012",50227,"Migrou para o setor privado",2300,46,"Mulher","Santa Catarina","Ensino médio completo","Branco","Responsável pelo domicílio","Sul"
"361","420073379_06_11_25_12_2003_Homem_4252012",50400,"Migrou para o setor privado",1300,20,"Homem","Santa Catarina","Ensino médio incompleto","Não branco","Não responsável pelo domicílio","Sul"
"362","420169074_07_11_13_09_1976_Homem_4252012",50509,"Migrou para o setor privado",2050,47,"Homem","Santa Catarina","Ensino médio completo","Não branco","Responsável pelo domicílio","Sul"
"363","420021636_01_11_01_05_1983_Mulher_4253011",50748,"Migrou para o setor privado",3000,41,"Mulher","Santa Catarina","Ensino médio completo","Branco","Não responsável pelo domicílio","Sul"
"364","420051791_05_11_02_12_1964_Mulher_4253011",50827,"Migrou para TCP",1350,59,"Mulher","Santa Catarina","Ensino médio incompleto","Branco","Não responsável pelo domicílio","Sul"
"365","420054480_04_11_10_08_1991_Mulher_4253011",50841,"Migrou para o setor privado",1700,32,"Mulher","Santa Catarina","Ensino médio completo","Não branco","Não responsável pelo domicílio","Sul"
"366","420101031_06_11_23_01_2005_Homem_4253012",51385,"Migrou para o setor privado",2050,19,"Homem","Santa Catarina","Ensino médio completo","Branco","Não responsável pelo domicílio","Sul"
"367","420168162_07_11_22_12_1979_Homem_4253012",51471,"Migrou para o setor privado",3775,44,"Homem","Santa Catarina","Ensino médio completo","Branco","Responsável pelo domicílio","Sul"
"368","420168171_05_11_24_07_1990_Mulher_4253012",51483,"Migrou para o setor privado",2600,33,"Mulher","Santa Catarina","Ensino médio completo","Branco","Responsável pelo domicílio","Sul"
"369","420017128_09_11_14_10_2005_Homem_4253013",51550,"Migrou para o setor privado",850,18,"Homem","Santa Catarina","Ensino médio incompleto","Branco","Não responsável pelo domicílio","Sul"
"370","420100739_08_11_11_03_2001_Homem_4253013",51601,"Migrou para o setor privado",3000,23,"Homem","Santa Catarina","Ensino médio completo","Branco","Responsável pelo domicílio","Sul"
"371","420088499_14_11_16_10_1997_Mulher_4254013",52947,"Migrou para o setor privado",1500,26,"Mulher","Santa Catarina","Ensino médio incompleto","Não branco","Não responsável pelo domicílio","Sul"
"372","430121779_01_11_26_10_1960_Homem_4310112",53145,"Migrou para TCP",2000,63,"Homem","Rio Grande do Sul","Ensino médio completo","Branco","Responsável pelo domicílio","Sul"
"373","430096603_02_11_31_03_2004_Mulher_4310212",53629,"Migrou para o setor privado",1556,20,"Mulher","Rio Grande do Sul","Ensino médio completo","Não branco","Não responsável pelo domicílio","Sul"
"374","430117439_11_11_21_07_1988_Homem_4310212",53657,"Migrou para o setor privado",1800,35,"Homem","Rio Grande do Sul","Ensino médio completo","Branco","Responsável pelo domicílio","Sul"
"375","430111087_07_11_18_02_1976_Homem_4321011",54042,"Migrou para o setor privado",1700,48,"Homem","Rio Grande do Sul","Ensino médio incompleto","Não branco","Responsável pelo domicílio","Sul"
"376","430111087_08_11_19_04_1978_Mulher_4321011",54044,"Migrou para o setor privado",1700,46,"Mulher","Rio Grande do Sul","Ensino médio incompleto","Branco","Responsável pelo domicílio","Sul"
"377","430132328_03_11_25_01_1977_Homem_4321011",54055,"Migrou para o setor privado",2000,47,"Homem","Rio Grande do Sul","Ensino médio incompleto","Branco","Responsável pelo domicílio","Sul"
"378","430001661_11_11_07_12_1959_Homem_4321012",54269,"Migrou para o setor privado",1900,64,"Homem","Rio Grande do Sul","Ensino médio incompleto","Branco","Responsável pelo domicílio","Sul"
"379","430036682_11_11_08_01_1996_Mulher_4321012",54281,"Migrou para o setor privado",1500,28,"Mulher","Rio Grande do Sul","Ensino médio incompleto","Não branco","Responsável pelo domicílio","Sul"
"380","430060831_13_11_14_04_1981_Homem_4321012",54296,"Migrou para o setor privado",1800,43,"Homem","Rio Grande do Sul","Ensino médio completo","Branco","Responsável pelo domicílio","Sul"
"381","430073992_04_11_11_12_1994_Mulher_4321012",54332,"Migrou para o setor privado",2000,29,"Mulher","Rio Grande do Sul","Ensino médio completo","Branco","Não responsável pelo domicílio","Sul"
"382","430176068_06_11_08_02_1986_Homem_4321012",54450,"Migrou para o setor privado",1600,38,"Homem","Rio Grande do Sul","Ensino médio completo","Branco","Não responsável pelo domicílio","Sul"
"383","430189510_12_11_19_01_1987_Homem_4321012",54466,"Migrou para o setor privado",2500,37,"Homem","Rio Grande do Sul","Ensino médio completo","Branco","Responsável pelo domicílio","Sul"
"384","430195489_04_11_08_08_1966_Homem_4321012",54468,"Migrou para TCP",500,57,"Homem","Rio Grande do Sul","Ensino médio completo","Branco","Responsável pelo domicílio","Sul"
"385","430219618_02_11_28_11_1980_Mulher_4321012",54500,"Migrou para o setor privado",1500,43,"Mulher","Rio Grande do Sul","Ensino médio completo","Branco","Responsável pelo domicílio","Sul"
"386","430219618_13_11_08_09_1982_Mulher_4321012",54509,"Migrou para TCP",2350,41,"Mulher","Rio Grande do Sul","Ensino médio completo","Não branco","Não responsável pelo domicílio","Sul"
"387","430067190_02_11_12_08_1987_Homem_4321013",54540,"Migrou para o setor privado",8000,36,"Homem","Rio Grande do Sul","Ensino médio completo","Branco","Responsável pelo domicílio","Sul"
"388","430088598_13_11_03_07_1963_Homem_4321013",54559,"Migrou para TCP",1500,60,"Homem","Rio Grande do Sul","Ensino médio incompleto","Não branco","Responsável pelo domicílio","Sul"
"389","430181131_04_11_17_11_1982_Mulher_4321013",54580,"Migrou para o setor privado",1530,41,"Mulher","Rio Grande do Sul","Ensino médio completo","Branco","Não responsável pelo domicílio","Sul"
"390","430021313_12_11_02_02_1996_Homem_4351011",54618,"Migrou para o setor privado",2500,27,"Homem","Rio Grande do Sul","Ensino médio completo","Branco","Não responsável pelo domicílio","Sul"
"391","430122153_03_11_27_01_1982_Homem_4352012",55088,"Migrou para o setor privado",500,42,"Homem","Rio Grande do Sul","Ensino médio incompleto","Não branco","Não responsável pelo domicílio","Sul"
"392","430097835_02_11_05_12_2002_Mulher_4353012",55437,"Migrou para o setor privado",755,21,"Mulher","Rio Grande do Sul","Ensino médio completo","Branco","Não responsável pelo domicílio","Sul"
"393","430127131_10_11_21_11_1997_Mulher_4354012",56051,"Migrou para TCP",250,26,"Mulher","Rio Grande do Sul","Ensino médio completo","Branco","Não responsável pelo domicílio","Sul"
"394","430079695_14_11_22_10_1974_Homem_4355011",56297,"Migrou para TCP",500,49,"Homem","Rio Grande do Sul","Ensino médio incompleto","Branco","Responsável pelo domicílio","Sul"
"395","430194383_14_11_11_07_2005_Mulher_4355011",56391,"Migrou para o setor privado",300,19,"Mulher","Rio Grande do Sul","Ensino médio completo","Branco","Não responsável pelo domicílio","Sul"
"396","430080441_12_11_19_02_1985_Homem_4355013",56663,"Migrou para o setor privado",1412,39,"Homem","Rio Grande do Sul","Ensino médio completo","Branco","Não responsável pelo domicílio","Sul"
"397","430146920_10_11_23_11_1996_Mulher_4355013",56696,"Migrou para o setor privado",2000,27,"Mulher","Rio Grande do Sul","Ensino médio completo","Branco","Não responsável pelo domicílio","Sul"
"398","500047431_12_11_10_06_1984_Homem_5010011",56961,"Migrou para o setor privado",1456,40,"Homem","Mato Grosso do Sul","Ensino médio incompleto","Não branco","Responsável pelo domicílio","Centro-Oeste"
"399","500040585_11_11_03_05_1980_Mulher_5051010",57538,"Migrou para TCP",1500,43,"Mulher","Mato Grosso do Sul","Ensino médio completo","Branco","Responsável pelo domicílio","Centro-Oeste"
"400","500004699_04_11_10_01_1995_Mulher_5052011",57581,"Migrou para o setor privado",3500,29,"Mulher","Mato Grosso do Sul","Ensino médio completo","Não branco","Não responsável pelo domicílio","Centro-Oeste"
"401","500006203_08_11_22_05_2000_Homem_5052011",57587,"Migrou para o setor privado",2010,23,"Homem","Mato Grosso do Sul","Ensino médio completo","Não branco","Não responsável pelo domicílio","Centro-Oeste"
"402","500053144_11_11_02_05_1997_Homem_5052011",57727,"Migrou para o setor privado",1550,26,"Homem","Mato Grosso do Sul","Ensino médio incompleto","Não branco","Não responsável pelo domicílio","Centro-Oeste"
"403","500053126_05_11_28_09_2003_Homem_5052013",57988,"Migrou para o setor privado",1706,20,"Homem","Mato Grosso do Sul","Ensino médio incompleto","Branco","Não responsável pelo domicílio","Centro-Oeste"
"404","500007906_05_11_09_08_2001_Homem_5053011",58046,"Migrou para o setor privado",2170,22,"Homem","Mato Grosso do Sul","Ensino médio completo","Não branco","Não responsável pelo domicílio","Centro-Oeste"
"405","500025276_11_11_09_02_1980_Mulher_5053011",58091,"Migrou para TCP",1350,44,"Mulher","Mato Grosso do Sul","Ensino médio incompleto","Não branco","Não responsável pelo domicílio","Centro-Oeste"
"406","500000824_03_11_27_05_2005_Homem_5053012",58202,"Migrou para o setor privado",2300,18,"Homem","Mato Grosso do Sul","Ensino médio incompleto","Não branco","Não responsável pelo domicílio","Centro-Oeste"
"407","500001800_12_11_26_07_1979_Homem_5053012",58218,"Migrou para TCP",2250,45,"Homem","Mato Grosso do Sul","Ensino médio completo","Branco","Responsável pelo domicílio","Centro-Oeste"
"408","500054546_09_11_05_03_2005_Mulher_5053012",58301,"Migrou para o setor privado",625,18,"Mulher","Mato Grosso do Sul","Ensino médio completo","Não branco","Não responsável pelo domicílio","Centro-Oeste"
"409","510030645_08_11_16_07_1997_Mulher_5110011",58416,"Migrou para o setor privado",2050,26,"Mulher","Mato Grosso","Ensino médio completo","Não branco","Responsável pelo domicílio","Centro-Oeste"
"410","510055252_10_11_28_08_1970_Mulher_5110011",58580,"Migrou para o setor privado",1412,53,"Mulher","Mato Grosso","Ensino médio completo","Não branco","Responsável pelo domicílio","Centro-Oeste"
"411","510051124_01_11_30_10_1997_Homem_5152011",59499,"Migrou para o setor privado",1412,26,"Homem","Mato Grosso","Ensino médio completo","Não branco","Não responsável pelo domicílio","Centro-Oeste"
"412","510049881_05_11_17_02_1994_Homem_5152012",59692,"Migrou para TCP",2000,30,"Homem","Mato Grosso","Ensino médio completo","Branco","Não responsável pelo domicílio","Centro-Oeste"
"413","510064424_04_11_14_07_2005_Homem_5152012",59710,"Migrou para o setor privado",1600,18,"Homem","Mato Grosso","Ensino médio completo","Não branco","Não responsável pelo domicílio","Centro-Oeste"
"414","510068642_08_11_21_08_1998_Homem_5152012",59719,"Migrou para o setor privado",2350,25,"Homem","Mato Grosso","Ensino médio incompleto","Branco","Não responsável pelo domicílio","Centro-Oeste"
"415","520030143_07_11_14_09_1990_Homem_5210011",60259,"Migrou para o setor privado",3250,33,"Homem","Goiás","Ensino médio completo","Não branco","Não responsável pelo domicílio","Centro-Oeste"
"416","520141288_09_11_03_05_1993_Mulher_5210011",60575,"Migrou para o setor privado",1331,31,"Mulher","Goiás","Ensino médio completo","Branco","Não responsável pelo domicílio","Centro-Oeste"
"417","520067191_02_11_21_06_2005_Homem_5210012",60739,"Migrou para o setor privado",1456,19,"Homem","Goiás","Ensino médio incompleto","Não branco","Não responsável pelo domicílio","Centro-Oeste"
"418","520077009_11_11_13_12_2002_Mulher_5220013",61274,"Migrou para o setor privado",1366,21,"Mulher","Goiás","Ensino médio completo","Não branco","Não responsável pelo domicílio","Centro-Oeste"
"419","520019922_05_11_22_02_1996_Mulher_5240011",61372,"Migrou para o setor privado",1850,28,"Mulher","Goiás","Ensino médio completo","Não branco","Não responsável pelo domicílio","Centro-Oeste"
"420","520094617_12_11_19_06_1999_Homem_5240011",61452,"Migrou para o setor privado",946,24,"Homem","Goiás","Ensino médio completo","Não branco","Responsável pelo domicílio","Centro-Oeste"
"421","520113373_13_11_11_11_1973_Mulher_5240013",61777,"Migrou para o setor privado",1412,50,"Mulher","Goiás","Ensino médio incompleto","Não branco","Responsável pelo domicílio","Centro-Oeste"
"422","520096378_09_11_22_11_1973_Mulher_5252012",62293,"Migrou para TCP",2550,50,"Mulher","Goiás","Ensino médio completo","Branco","Responsável pelo domicílio","Centro-Oeste"
"423","520113642_08_11_11_09_2000_Homem_5253011",62610,"Migrou para o setor privado",1436,23,"Homem","Goiás","Ensino médio completo","Branco","Não responsável pelo domicílio","Centro-Oeste"
"424","530056771_12_11_02_11_1993_Mulher_5310111",63043,"Migrou para o setor privado",2000,30,"Mulher","Distrito Federal","Ensino médio completo","Branco","Não responsável pelo domicílio","Centro-Oeste"
"425","530005419_01_11_25_01_1995_Homem_5310112",63098,"Migrou para TCP",5500,29,"Homem","Distrito Federal","Ensino médio completo","Branco","Não responsável pelo domicílio","Centro-Oeste"
"426","530010563_09_11_17_08_1972_Mulher_5310112",63113,"Migrou para o setor privado",2150,51,"Mulher","Distrito Federal","Ensino médio completo","Não branco","Responsável pelo domicílio","Centro-Oeste"
"427","530015610_11_11_19_11_1985_Homem_5310112",63130,"Migrou para TCP",1356,38,"Homem","Distrito Federal","Ensino médio incompleto","Não branco","Responsável pelo domicílio","Centro-Oeste"
"428","530042885_13_11_16_02_2005_Homem_5310113",63440,"Migrou para o setor privado",1500,19,"Homem","Distrito Federal","Ensino médio completo","Não branco","Não responsável pelo domicílio","Centro-Oeste"
"429","530017886_12_11_28_07_2005_Mulher_5310211",63558,"Migrou para o setor privado",1412,18,"Mulher","Distrito Federal","Ensino médio completo","Não branco","Não responsável pelo domicílio","Centro-Oeste"
"430","530021461_14_11_18_06_1999_Mulher_5310211",63570,"Migrou para o setor privado",1700,24,"Mulher","Distrito Federal","Ensino médio completo","Não branco","Não responsável pelo domicílio","Centro-Oeste"
"431","530029190_09_11_11_01_2002_Mulher_5310211",63672,"Migrou para o setor privado",1607.5,22,"Mulher","Distrito Federal","Ensino médio completo","Não branco","Responsável pelo domicílio","Centro-Oeste"
"432","530042120_08_11_25_04_1998_Mulher_5310211",63817,"Migrou para o setor privado",500,26,"Mulher","Distrito Federal","Ensino médio completo","Não branco","Não responsável pelo domicílio","Centro-Oeste"
"433","530001278_12_11_09_05_2000_Homem_5310212",63961,"Migrou para o setor privado",750,23,"Homem","Distrito Federal","Ensino médio completo","Não branco","Não responsável pelo domicílio","Centro-Oeste"
"434","530003433_10_11_16_06_1991_Mulher_5310212",64005,"Migrou para TCP",700,33,"Mulher","Distrito Federal","Ensino médio completo","Não branco","Não responsável pelo domicílio","Centro-Oeste"
"435","530031630_06_11_24_05_1986_Homem_5310212",64122,"Migrou para TCP",2750,38,"Homem","Distrito Federal","Ensino médio completo","Não branco","Não responsável pelo domicílio","Centro-Oeste"
"436","530033435_09_11_22_09_1990_Homem_5310212",64146,"Migrou para TCP",1906,33,"Homem","Distrito Federal","Ensino médio incompleto","Não branco","Não responsável pelo domicílio","Centro-Oeste"
"437","530034360_01_11_01_06_1977_Homem_5310212",64153,"Migrou para o setor privado",5250,46,"Homem","Distrito Federal","Ensino médio completo","Não branco","Responsável pelo domicílio","Centro-Oeste"
"438","530002273_11_11_20_09_1987_Mulher_5310213",64258,"Migrou para o setor privado",1606,36,"Mulher","Distrito Federal","Ensino médio completo","Branco","Não responsável pelo domicílio","Centro-Oeste"
